Activity,Read(flds),Collect(flds)
Identify patient (ip),ID,_
Admission (ad),ID|PatientID|Name|Gender|Age|Address|Phone number,AddmissionID
Visit (vi),AddmissionID|PatientID|MedicalHistoryID,VisitID|PrescriptionID
Lab appointment (la),AddmissionID|PatientID,LabAppointment
Basic lab test (bt),AddmissionID|PatientID|PrescriptionID,BLabPID
Advanced tests (at),AddmissionID|PatientID|PrescriptionID,ALabPID
Evaluate (ev),AddmissionID|PatientID|PrescriptionID|BLabPID|ALabPID,TestResultID
Consult request (co),AddmissionID|PatientID,ConsAppointment
Inter-colleague consultation (in),AddmissionID|PatientID|VisitID|PrescriptionID|TestResultID|MedicalHistoryID,VisitID|CPrescriptionID
Treatment prescription (tr),AddmissionID|PatientID|VisitID|MedicalHistoryID,TreatmentPlan
Discharge (di),AddmissionID|PatientID,Confirmation
Billing (bi),AddmissionID|PatientID|PaymentID,PaymentReceipt
